equipo,velocidad media (kmh),posesión del balón promedio,acierto en los cambios de orientación (%),precisión en los pases (%),precisión en los centros (%),acierto en las rupturas de líneas (%),minutos,partidos,fase,pérdidas de balón provocadas p90,presiones defensivas p90,presiones defensivas directas p90,goles recibidos x p90,gol en propia puerta p90,faltas recibidas p90,faltas cometidas p90,tarjetas amarillas p90,fueras de juego p90,tarjetas rojas p90,dobles amonestaciones p90,acciones del portero dentro del área p90,acciones del portero fuera del área p90,paradas de la portera p90,porterías a cero p90,desmarques para recibir p90,desmarques a la espalda de la defensa p90,desmarques entre líneas p90,desmarques por delante de la defensa p90,desmarques en el interior de las líneas rivales p90,desmarques en el exterior de las líneas rivales p90,recepciones a la espalda de la defensa p90,recepciones entre la línea de medias y la defensiva p90,recepciones bajo presión p90,esprint a gran velocidad p90,esprints p90,distancia recorrida p90,remate p90,goles esperados p90,goles p90,asistencias p90,remate entre los tres palos p90,tiros fuera p90,tiros dentro del área p90,tiros fuera del área p90,remates de cabeza p90,saque de esquina p90,pase p90,pases completados p90,centros p90,intentos de ruptura de líneas p90,regates completados p90,cambios de orientación intentados p90,tiempo recuperacion balon promedio
Catar,5.64,31,91,78,36,27,270,3,Primera fase,33.666666666666664,277.3333333333333,40.66666666666666,3.333333333333333,0.6666666666666667,12.0,9.333333333333334,1.3333333333333337,1.3333333333333337,0.6666666666666667,0.0,41.333333333333336,34.333333333333336,5.333333333333334,0.0,214.3333333333333,56.33333333333333,95.0,62.99999999999999,115.66666666666669,98.66666666666669,7.333333333333334,48.66666666666666,120.33333333333331,1194.6666666666667,360.0,103345.58333333331,5.666666666666666,0.6266666666666666,0.6666666666666667,0.3333333333333333,2.0,3.333333333333333,3.333333333333333,2.333333333333333,0.6666666666666667,3.0,304.0,236.0,9.333333333333334,23.666666666666664,4.0,3.666666666666667,20.16
Egipto,6.04,46,90,87,20,53,480,5,Segunda fase,42.0,255.0,44.625,1.3125,0.375,11.0625,12.5625,2.25,0.75,0.0,0.0,22.3125,19.6875,2.625,0.0,368.0625,81.9375,139.6875,146.4375,174.1875,193.875,9.5625,84.5625,162.9375,1295.0625,456.9375,113476.359375,12.5625,1.078125,1.5,1.5,3.5625,5.625,7.874999999999999,4.6875,1.875,4.875,497.625,432.0,15.5625,21.0,7.5,7.6875,16.562
Uzbekistán,5.9,35,76,78,18,27,270,3,Primera fase,45.0,314.6666666666667,47.33333333333333,3.666666666666667,0.3333333333333333,15.0,9.666666666666666,1.3333333333333337,1.0,0.0,0.0,27.33333333333333,21.666666666666664,2.0,0.0,267.0,65.66666666666667,127.33333333333331,74.0,152.0,115.0,5.333333333333334,82.0,152.66666666666666,1264.3333333333333,451.33333333333337,112480.00333333333,6.0,0.57,0.6666666666666667,0.3333333333333333,1.6666666666666663,2.666666666666667,3.333333333333333,2.666666666666667,0.6666666666666667,3.0,353.0,276.0,11.333333333333332,17.0,8.666666666666666,5.666666666666666,16.666666666666668
Irak,6.09,37,79,81,29,44,270,3,Primera fase,40.66666666666666,283.6666666666667,51.66666666666666,4.0,0.3333333333333333,9.0,10.333333333333334,1.3333333333333337,0.3333333333333333,0.3333333333333333,0.0,31.33333333333333,27.0,3.333333333333333,0.0,318.33333333333337,100.0,130.33333333333334,88.0,182.66666666666663,135.66666666666666,7.333333333333334,57.333333333333336,143.33333333333334,1248.6666666666663,403.0,109502.82,7.0,0.7033333333333333,0.3333333333333333,0.3333333333333333,0.6666666666666667,4.333333333333333,4.0,3.0,2.0,2.333333333333333,376.3333333333333,305.6666666666667,8.0,16.0,7.333333333333334,4.666666666666667,20.42
Suiza,5.97,49,82,87,16,47,600,6,Segunda fase,42.75,237.15,42.15,0.9,0.15,13.05,13.35,1.2000000000000002,1.95,0.15,0.15,15.0,13.2,3.0,0.3,316.65000000000003,88.5,124.35,103.8,184.95,131.70000000000002,11.4,94.05,168.0,1249.95,411.15,109239.9345,11.1,1.4385,1.5,0.9,4.5,4.2,7.5,3.6,1.05,4.2,484.65,419.7,18.3,22.8,6.0,5.1,14.108333333333334
Jordania,6.13,29,73,76,32,52,270,3,Primera fase,46.333333333333336,382.6666666666666,55.333333333333336,2.666666666666667,0.3333333333333333,10.333333333333334,7.666666666666666,1.3333333333333337,1.0,0.0,0.0,23.33333333333333,18.666666666666668,2.666666666666667,0.0,247.0,70.0,107.66666666666666,69.33333333333333,117.0,130.0,9.0,62.0,155.0,1432.0,454.33333333333337,115775.06333333334,8.0,0.6233333333333334,1.0,1.0,3.0,3.0,4.333333333333333,3.666666666666667,1.0,2.0,304.6666666666667,231.33333333333331,10.333333333333334,17.333333333333332,11.0,3.666666666666667,22.736666666666665
Islas de Cabo Verde,5.87,35,64,82,27,34,390,4,Segunda fase,44.07692307692307,288.92307692307696,38.30769230769231,1.1538461538461535,0.2307692307692307,6.230769230769231,10.846153846153848,1.1538461538461535,1.6153846153846152,0.0,0.0,31.384615384615383,23.53846153846154,4.153846153846154,0.4615384615384615,286.8461538461538,74.53846153846155,129.0,83.3076923076923,144.0,142.84615384615384,4.384615384615385,67.15384615384616,153.0,1102.6153846153848,387.9230769230769,109945.69153846154,11.307692307692308,0.5907692307692308,0.9230769230769232,0.4615384615384615,2.769230769230769,4.846153846153847,4.615384615384615,6.6923076923076925,1.3846153846153846,3.923076923076923,358.84615384615387,293.53846153846155,11.76923076923077,13.384615384615383,9.23076923076923,5.076923076923077,19.1075
Arabia Saudí,6.02,33,67,78,23,40,270,3,Primera fase,42.66666666666667,345.0,46.66666666666666,1.6666666666666663,0.3333333333333333,9.666666666666666,8.666666666666666,2.0,1.0,0.0,0.0,28.666666666666668,26.0,5.666666666666666,0.3333333333333333,235.66666666666669,69.0,92.0,74.66666666666667,128.66666666666666,107.0,8.0,81.33333333333333,174.33333333333334,1370.0,483.3333333333333,112828.1,5.666666666666666,0.5066666666666666,0.3333333333333333,0.0,2.666666666666667,1.6666666666666663,2.666666666666667,3.0,1.0,2.333333333333333,391.6666666666667,307.33333333333337,7.333333333333334,17.666666666666668,6.333333333333334,4.0,17.726666666666667
Paraguay,5.9,27,83,69,17,25,480,5,Segunda fase,46.68750000000001,316.6875,62.0625,1.125,0.1875,12.375000000000002,11.4375,1.6875,0.9375,0.1875,0.0,26.4375,23.250000000000004,5.25,0.375,137.625,35.0625,55.5,47.0625,69.5625,68.0625,3.75,48.375,121.125,1160.8125,401.4375,111105.076875,6.5625,0.373125,0.5625,0.5625,1.5,3.375,3.1875,3.375,0.75,1.875,255.0,177.1875,8.8125,13.3125,5.625,3.375,17.758000000000003
Marruecos,5.87,53,85,88,24,52,570,6,Segunda fase,41.368421052631575,226.73684210526315,47.526315789473685,0.9473684210526316,0.1578947368421052,11.684210526315788,13.894736842105264,1.105263157894737,1.4210526315789471,0.0,0.0,17.68421052631579,14.36842105263158,3.0,0.3157894736842105,378.4736842105263,107.21052631578948,136.57894736842107,134.68421052631578,214.42105263157893,164.05263157894737,9.63157894736842,93.0,202.10526315789477,1175.5263157894738,451.7368421052631,110203.91052631578,10.894736842105264,1.0373684210526315,1.5789473684210529,1.4210526315789471,4.105263157894737,3.631578947368421,6.157894736842105,4.7368421052631575,1.5789473684210529,4.7368421052631575,578.6842105263157,511.578947368421,15.631578947368425,17.36842105263158,10.421052631578949,4.105263157894737,13.745
Túnez,6.09,36,71,80,23,38,270,3,Primera fase,36.333333333333336,267.3333333333333,43.66666666666666,4.0,0.3333333333333333,9.0,11.333333333333332,0.3333333333333333,3.0,0.0,0.0,25.666666666666668,21.333333333333336,2.333333333333333,0.0,333.3333333333333,95.66666666666666,149.33333333333334,88.33333333333334,182.33333333333331,151.0,6.0,65.33333333333334,135.0,1167.6666666666667,404.33333333333337,111086.92333333332,6.0,0.3733333333333333,0.6666666666666667,0.6666666666666667,2.0,2.666666666666667,2.0,4.0,1.3333333333333337,3.0,337.0,270.6666666666667,11.666666666666666,13.333333333333332,3.666666666666667,7.0,23.043333333333333
Australia,6.13,35,62,81,27,47,390,4,Segunda fase,40.15384615384615,283.6153846153846,37.38461538461539,0.6923076923076923,0.2307692307692307,10.615384615384617,8.76923076923077,1.1538461538461535,0.2307692307692307,0.0,0.0,21.0,17.53846153846154,3.2307692307692304,0.4615384615384615,239.76923076923077,56.53846153846154,107.3076923076923,75.92307692307692,126.0,113.76923076923076,9.0,83.07692307692308,193.6153846153846,1321.8461538461538,438.4615384615384,114004.38923076924,9.692307692307692,0.63,0.6923076923076923,0.2307692307692307,3.0,4.384615384615385,6.0,3.692307692307693,1.3846153846153846,3.692307692307693,380.0769230769231,308.30769230769226,16.153846153846153,17.53846153846154,9.0,4.846153846153847,18.5225
Canadá,6.1,46,83,82,24,55,450,5,Segunda fase,45.6,236.6,45.6,1.2000000000000002,0.0,14.4,14.2,2.2,1.4,0.0,0.0,9.8,8.0,1.4,0.4,317.8,106.6,115.2,96.0,158.0,159.8,14.4,108.0,185.8,1388.6,512.0,114092.056,16.2,1.804,1.8,0.6000000000000001,6.4,5.8,11.4,4.800000000000001,3.2,10.0,419.6,344.4,31.6,23.8,6.4,3.6,13.286
Portugal,5.83,53,81,90,27,54,450,5,Segunda fase,37.6,256.4,32.2,0.6000000000000001,0.0,8.8,11.6,1.4,2.0,0.0,0.0,22.8,18.6,4.0,0.4,376.2,110.6,151.8,113.8,204.2,172.0,12.6,115.8,197.6,1167.2,426.8,110695.272,12.4,1.278,1.6,0.8,3.4,6.2,8.0,4.4,1.6,4.4,589.2,530.8,18.8,24.6,11.6,8.4,16.25
RI de Irán,6.08,37,79,77,23,46,270,3,Primera fase,44.0,291.3333333333333,49.333333333333336,1.0,0.0,11.666666666666666,7.666666666666666,2.0,3.0,0.0,0.0,25.0,21.666666666666664,5.0,0.3333333333333333,253.66666666666663,75.66666666666667,88.0,90.0,118.66666666666666,135.0,9.333333333333334,76.33333333333333,148.66666666666669,1353.6666666666667,449.0,114788.70666666668,12.333333333333334,1.5233333333333334,1.0,0.3333333333333333,3.333333333333333,5.0,8.666666666666666,3.666666666666667,2.333333333333333,2.666666666666667,350.3333333333333,271.3333333333333,13.333333333333332,16.666666666666664,6.333333333333334,4.666666666666667,15.95
Inglaterra,5.88,50,81,89,27,66,750,8,Semifinalista,32.88,231.72000000000003,40.56,1.44,0.0,9.72,13.92,0.96,1.8,0.12,0.0,19.08,15.84,3.0,0.24,386.28,95.52,131.88,158.88,220.44,165.84,15.12,85.92,162.84,1163.88,424.44,110264.1252,14.16,1.8036,2.4000000000000004,1.6800000000000002,6.239999999999999,4.800000000000001,10.56,3.6,3.24,4.800000000000001,481.68,429.24,21.0,24.840000000000003,10.2,5.76,15.99375
Croacia,5.98,46,82,87,21,51,360,4,Segunda fase,37.25,252.75,43.5,1.75,0.0,11.25,11.5,1.0,2.0,0.0,0.0,20.0,17.0,3.0,0.25,309.5,100.5,110.5,98.5,170.5,139.0,8.25,80.75,161.25,1255.5,456.75,113080.455,9.25,0.8525,1.5,1.25,4.25,3.5,5.25,4.0,2.0,3.0,475.25000000000006,415.25,16.5,19.25,8.5,5.5,17.55
EE. UU.,6.23,52,81,86,26,60,450,5,Segunda fase,44.0,215.2,43.2,1.6,0.0,11.2,12.8,1.4,2.2,0.2,0.0,15.8,12.999999999999998,2.0,0.4,382.6,110.0,147.6,125.0,208.0,174.6,15.6,105.0,198.6,1450.4,489.2,118979.022,11.8,1.274,2.2,0.8,3.8,4.800000000000001,9.4,2.4000000000000004,2.4000000000000004,5.2,521.2,450.8,18.0,28.0,12.999999999999998,5.4,13.166
Argentina,5.61,53,95,90,32,57,810,8,Semifinalista,39.0,228.22222222222223,38.77777777777778,0.8888888888888888,0.0,12.555555555555555,11.11111111111111,1.6666666666666663,2.4444444444444446,0.1111111111111111,0.1111111111111111,12.333333333333334,10.77777777777778,2.2222222222222223,0.2222222222222222,364.7777777777777,92.11111111111111,129.55555555555557,143.11111111111111,195.77777777777777,169.0,8.777777777777777,97.0,179.33333333333334,1070.111111111111,374.44444444444446,106124.89888888889,12.777777777777777,1.7166666666666666,2.111111111111111,1.3333333333333337,5.111111111111112,5.444444444444445,7.333333333333334,5.444444444444445,2.4444444444444446,4.555555555555555,583.1111111111111,522.1111111111111,12.333333333333334,15.333333333333332,6.444444444444445,4.333333333333333,16.09375
Japón,6.02,42,67,86,26,47,360,4,Segunda fase,34.75,279.5,47.75,1.25,0.0,13.750000000000002,7.75,1.0,1.0,0.0,0.0,19.5,16.0,4.25,0.25,369.75,98.0,144.0,127.75,218.0,151.75,8.25,81.0,143.5,1169.5,417.25,111686.1425,8.0,0.7925000000000001,2.0,1.75,2.75,3.75,4.0,4.0,1.25,3.25,433.25,374.25,15.5,18.5,6.0,3.0,20.1475
Suecia,5.99,43,85,82,19,45,360,4,Segunda fase,37.5,214.75,37.5,2.5,0.0,10.75,12.5,1.25,2.25,0.0,0.0,19.0,16.5,4.0,0.0,266.25,71.25,106.75,88.25,152.75,113.5,8.75,84.5,155.0,1106.5,396.50000000000006,109947.505,12.0,1.165,1.75,1.5,5.75,4.5,7.5,4.5,2.0,4.5,392.25,323.25,15.5,18.75,7.0,3.25,18.235
Uruguay,5.88,51,95,87,21,64,270,3,Primera fase,44.333333333333336,248.3333333333333,43.33333333333333,1.3333333333333337,0.0,10.333333333333334,9.666666666666666,1.6666666666666663,4.666666666666667,0.3333333333333333,0.0,16.0,12.999999999999998,1.3333333333333337,0.0,394.00000000000006,145.33333333333334,133.0,115.66666666666669,199.66666666666663,194.33333333333331,15.0,103.66666666666669,195.33333333333331,1222.6666666666667,482.6666666666667,112483.66333333332,16.333333333333336,1.3166666666666669,1.0,0.3333333333333333,4.333333333333333,8.333333333333332,9.0,7.333333333333334,5.0,8.666666666666666,481.6666666666667,417.00000000000006,29.000000000000004,24.666666666666668,6.666666666666666,6.333333333333334,13.403333333333334
Argelia,6.0,56,93,90,21,55,360,4,Segunda fase,45.25,253.75000000000003,38.0,2.25,0.0,7.250000000000001,10.0,0.75,1.0,0.0,0.0,12.0,11.25,2.25,0.0,405.25000000000006,119.25,159.25,126.75,226.25,179.0,9.5,94.75,222.0,1245.0,425.75,110991.35,11.0,1.1825,1.25,0.75,4.0,4.0,6.499999999999999,4.5,1.25,3.5,660.25,595.5,9.75,19.0,12.0,7.5,15.055
Bosnia y Herzegovina,6.04,40,76,81,17,43,360,4,Segunda fase,42.0,249.5,39.25,2.0,0.0,14.75,9.25,1.75,0.5,0.25,0.0,23.0,17.5,2.0,0.0,246.5,71.5,89.0,86.0,124.25,122.25,5.5,64.25,169.0,1215.75,439.00000000000006,113396.25,9.25,0.51,1.25,0.75,3.5,3.5,4.0,5.25,1.25,3.75,404.5,329.25,14.75,13.25,8.0,4.25,13.4575
Costa de Marfil,5.81,45,92,88,24,53,360,4,Segunda fase,44.0,280.75,47.0,1.0,0.0,7.250000000000001,9.0,1.0,1.0,0.0,0.0,21.0,17.0,2.75,0.5,278.0,81.5,120.0,76.5,147.25,130.75,11.5,106.0,215.25,1164.25,423.0,108734.53,11.25,1.375,1.25,1.0,3.5,4.25,7.5,3.75,0.75,6.499999999999999,492.5,431.75,19.5,21.25,12.999999999999998,3.25,17.6775
Países Bajos,5.77,50,82,88,27,60,390,4,Segunda fase,38.07692307692307,216.69230769230768,33.0,1.1538461538461535,0.0,10.153846153846152,9.923076923076923,0.6923076923076923,1.8461538461538465,0.0,0.0,13.153846153846157,12.461538461538462,3.923076923076923,0.0,275.7692307692308,94.3846153846154,86.76923076923077,94.6153846153846,164.53846153846155,111.23076923076924,10.846153846153848,87.6923076923077,148.15384615384616,1061.769230769231,366.9230769230769,105177.55153846154,10.615384615384617,1.1538461538461535,2.5384615384615383,2.3076923076923075,5.076923076923077,3.4615384615384617,8.076923076923077,2.5384615384615383,3.2307692307692304,4.153846153846154,470.5384615384616,414.6923076923077,18.23076923076923,18.0,6.6923076923076925,2.5384615384615383,16.4175
Curazao,5.74,32,100,80,29,40,270,3,Primera fase,40.33333333333333,327.6666666666667,53.33333333333333,3.0,0.0,10.666666666666668,10.333333333333334,2.333333333333333,1.6666666666666663,0.0,0.0,27.0,24.0,7.0,0.3333333333333333,207.0,62.99999999999999,96.33333333333334,47.66666666666667,115.33333333333331,91.66666666666669,5.666666666666666,76.0,174.66666666666666,1031.0,410.0,105255.82,9.666666666666666,0.5666666666666667,0.3333333333333333,0.0,2.333333333333333,6.0,4.666666666666667,5.0,1.3333333333333337,1.6666666666666663,322.66666666666663,256.66666666666663,7.0,13.333333333333332,10.333333333333334,2.333333333333333,18.866666666666667
Austria,5.99,41,75,85,23,58,360,4,Segunda fase,37.5,305.0,52.25000000000001,2.25,0.0,11.75,6.75,1.25,2.75,0.0,0.0,21.25,18.5,3.75,0.0,308.5,80.75,121.5,106.25,171.5,137.0,12.0,95.5,197.25000000000003,1275.0,444.0,112978.645,7.75,0.97,1.5,1.0,2.0,4.5,4.75,3.0,1.75,2.5,456.75,390.25,15.5,18.0,3.75,2.0,20.9825
Sudáfrica,5.9,46,85,85,17,41,360,4,Segunda fase,39.5,270.25,41.5,1.0,0.0,9.5,11.5,1.25,2.0,0.5,0.0,18.0,14.75,3.5,0.25,303.0,89.75,114.5,98.75,167.25,135.75,7.250000000000001,70.75,158.5,1259.75,471.0,107267.21,9.75,0.62,0.5,0.25,2.75,4.5,3.25,6.499999999999999,1.25,2.75,463.75,393.25,9.0,15.749999999999998,5.25,6.75,18.2675
Chequia,6.33,37,75,79,32,38,270,3,Primera fase,39.66666666666667,285.6666666666667,40.33333333333333,2.0,0.0,12.333333333333334,10.333333333333334,0.3333333333333333,1.6666666666666663,0.0,0.0,20.0,17.333333333333332,3.666666666666667,0.0,246.66666666666669,77.33333333333333,101.66666666666666,67.66666666666667,123.66666666666666,123.0,6.333333333333334,81.66666666666667,146.33333333333334,1443.3333333333337,460.3333333333333,116275.47666666668,11.333333333333332,0.8133333333333332,0.6666666666666667,0.6666666666666667,2.666666666666667,5.0,7.333333333333334,4.0,3.333333333333333,5.0,367.3333333333333,290.6666666666667,16.666666666666664,15.0,6.333333333333334,4.0,18.89
Senegal,5.86,49,90,88,28,57,390,4,Segunda fase,38.07692307692307,243.46153846153848,39.23076923076923,2.076923076923077,0.0,8.307692307692308,11.076923076923077,0.6923076923076923,2.3076923076923075,0.0,0.0,20.07692307692308,16.153846153846153,3.0,0.2307692307692307,342.9230769230769,106.6153846153846,121.3846153846154,114.92307692307692,199.84615384615387,143.07692307692307,12.461538461538462,106.15384615384616,228.0,1237.6153846153848,463.84615384615387,113717.87307692308,15.692307692307692,1.666153846153846,2.3076923076923075,2.076923076923077,5.076923076923077,7.384615384615385,8.76923076923077,6.923076923076923,1.6153846153846152,5.076923076923077,518.7692307692307,456.46153846153845,20.76923076923077,22.615384615384613,8.76923076923077,7.153846153846153,17.0025
Escocia,6.21,41,71,87,34,40,270,3,Primera fase,35.66666666666667,258.3333333333333,36.333333333333336,1.3333333333333337,0.0,14.0,12.999999999999998,1.6666666666666663,0.6666666666666667,0.0,0.0,25.0,21.333333333333336,3.0,0.3333333333333333,346.66666666666663,77.0,133.33333333333331,136.33333333333334,186.00000000000003,160.66666666666666,5.0,76.66666666666667,143.33333333333334,1255.3333333333333,417.00000000000006,116189.17333333334,9.666666666666666,0.7799999999999999,0.3333333333333333,0.0,2.333333333333333,4.0,7.666666666666666,2.0,2.0,4.0,459.0,397.6666666666667,17.666666666666668,15.0,4.333333333333333,5.666666666666666,23.436666666666667
Panamá,6.04,42,70,83,21,43,270,3,Primera fase,48.99999999999999,251.0,58.333333333333336,1.3333333333333337,0.0,15.333333333333332,11.0,1.6666666666666663,2.0,0.0,0.0,16.0,14.0,3.0,0.0,296.33333333333337,79.66666666666667,122.0,94.66666666666666,139.33333333333331,157.0,9.333333333333334,82.66666666666667,177.33333333333334,1248.3333333333333,457.3333333333333,112237.69666666668,10.666666666666668,0.73,0.0,0.0,2.333333333333333,5.333333333333334,6.666666666666666,4.0,1.6666666666666663,4.0,419.6666666666667,346.3333333333333,19.33333333333333,18.0,8.333333333333332,9.0,15.48
Brasil,5.88,48,96,90,24,55,450,5,Segunda fase,37.2,267.6,42.8,0.8,0.0,10.2,10.8,1.6,2.2,0.0,0.0,13.4,11.8,3.0,0.4,390.4,100.2,149.2,141.0,222.4,168.0,11.0,92.4,165.6,1216.0,422.0,112262.812,14.6,2.176,2.0,1.6,5.8,4.800000000000001,10.0,4.6000000000000005,2.2,5.4,548.4000000000001,492.4,17.8,21.4,8.8,4.800000000000001,19.268
Bélgica,6.24,46,77,86,28,51,570,6,Segunda fase,41.526315789473685,249.78947368421052,35.8421052631579,1.105263157894737,0.0,12.31578947368421,10.736842105263158,0.9473684210526316,1.263157894736842,0.1578947368421052,0.0,18.473684210526315,15.0,3.0,0.1578947368421052,357.0,116.6842105263158,127.26315789473684,113.05263157894736,196.57894736842104,160.42105263157896,10.578947368421051,106.73684210526316,172.42105263157893,1355.2105263157894,474.0,116768.93368421053,17.68421052631579,1.6768421052631577,2.210526315789474,1.5789473684210529,5.526315789473684,6.789473684210527,11.684210526315788,6.0,2.526315789473684,3.789473684210526,486.4736842105264,418.8947368421052,21.0,21.789473684210527,10.736842105263158,4.7368421052631575,15.298333333333334
Colombia,5.63,53,91,87,27,43,480,5,Segunda fase,36.375,204.0,35.8125,0.1875,0.0,13.125,12.0,1.5,3.5625,0.0,0.0,10.6875,10.125,1.3125,0.75,404.8125,115.875,159.0,129.9375,190.875,213.9375,9.75,95.8125,169.875,1120.875,391.5,104995.6425,17.625,1.3725,0.9375,0.9375,5.812500000000001,7.5,10.3125,7.3125,2.4375,4.5,522.9375,456.9375,15.375,18.375,6.187500000000001,10.5,14.376
España,6.04,58,96,90,20,66,750,8,Ganador,47.88,232.92,35.04,0.12,0.0,12.12,10.68,0.72,2.52,0.0,0.0,14.4,11.16,1.6800000000000002,0.8400000000000001,484.32,136.08,185.16,163.08,284.04,200.28,14.88,140.16,213.84,1245.84,437.4,113708.9292,16.8,2.0976,1.6800000000000002,1.2000000000000002,6.48,7.08,9.48,7.319999999999999,2.64,6.48,656.4,593.4000000000001,21.36,24.72,8.88,6.36,11.36125
Francia,5.93,51,93,89,16,66,720,8,Semifinalista,41.25,246.5,42.875,1.25,0.0,10.5,9.25,0.75,1.75,0.0,0.0,13.5,10.75,1.875,0.5,336.125,99.0,112.5,124.625,187.00000000000003,149.125,14.125,112.5,175.625,1156.625,414.75,109924.565,17.375,2.0975,2.5,2.25,7.375,7.375,9.625,7.75,1.25,6.375,539.75,483.0,16.125,21.25,10.875,5.125,15.3975
Alemania,6.29,56,71,90,22,56,390,4,Segunda fase,43.61538461538461,211.15384615384616,43.15384615384615,1.1538461538461535,0.0,11.76923076923077,9.692307692307692,0.6923076923076923,0.9230769230769232,0.0,0.0,14.076923076923077,10.384615384615383,1.6153846153846152,0.0,367.1538461538461,101.53846153846152,145.6153846153846,120.0,195.9230769230769,171.23076923076923,10.384615384615383,126.92307692307692,217.38461538461536,1382.5384615384617,459.2307692307692,117444.64615384616,17.076923076923077,1.993846153846154,2.5384615384615383,2.3076923076923075,6.461538461538461,6.0,11.076923076923077,6.0,2.769230769230769,7.846153846153846,627.9230769230769,562.1538461538462,24.923076923076923,18.692307692307693,10.153846153846152,3.2307692307692304,12.37
República de Corea,6.09,56,86,89,28,60,270,3,Primera fase,35.333333333333336,187.66666666666663,28.666666666666668,1.0,0.0,8.333333333333332,10.666666666666668,1.3333333333333337,2.666666666666667,0.0,0.0,14.0,11.333333333333332,3.666666666666667,0.0,400.3333333333333,89.0,142.33333333333334,169.0,219.0,181.3333333333333,13.333333333333332,91.33333333333331,226.0,1184.3333333333337,432.6666666666667,111651.59666666664,10.666666666666668,1.1266666666666665,0.6666666666666667,0.6666666666666667,3.666666666666667,4.333333333333333,7.0,3.666666666666667,3.0,4.0,617.6666666666666,550.0,21.333333333333336,21.666666666666664,7.666666666666666,7.0,14.88
Nueva Zelanda,6.22,42,75,83,19,22,270,3,Primera fase,39.333333333333336,281.3333333333333,46.66666666666666,3.333333333333333,0.0,10.666666666666668,7.666666666666666,1.3333333333333337,1.3333333333333337,0.0,0.0,32.333333333333336,29.333333333333336,3.666666666666667,0.0,354.0,87.66666666666667,157.0,109.33333333333331,186.33333333333331,167.66666666666666,4.666666666666667,89.0,187.66666666666663,1426.6666666666663,497.33333333333337,116346.94,10.333333333333334,0.8266666666666667,1.3333333333333337,1.0,5.0,2.666666666666667,6.333333333333334,4.0,2.0,3.333333333333333,445.0,370.6666666666667,12.333333333333334,18.0,7.333333333333334,2.666666666666667,15.98
Noruega,6.13,49,69,88,29,42,570,6,Segunda fase,30.473684210526315,224.05263157894737,36.47368421052632,1.736842105263158,0.0,9.157894736842104,6.473684210526316,0.4736842105263157,0.7894736842105263,0.0,0.0,20.84210526315789,18.157894736842103,3.473684210526316,0.0,337.89473684210526,71.8421052631579,149.3684210526316,116.6842105263158,176.8421052631579,161.05263157894737,6.947368421052632,106.42105263157896,177.3157894736842,1261.8947368421052,435.9473684210527,115884.01736842105,10.26315789473684,1.5678947368421057,2.0526315789473686,1.5789473684210529,4.7368421052631575,3.947368421052632,8.210526315789474,2.0526315789473686,2.0526315789473686,4.578947368421052,491.6842105263158,430.5789473684211,13.736842105263158,15.0,7.105263157894736,2.526315789473684,16.56
Haití,5.96,42,100,85,24,40,270,3,Primera fase,37.66666666666666,270.0,47.66666666666667,2.666666666666667,0.0,18.33333333333333,14.333333333333334,2.333333333333333,2.333333333333333,0.0,0.0,18.666666666666668,16.0,4.333333333333333,0.0,278.0,84.0,116.66666666666669,77.33333333333333,143.0,135.0,4.333333333333333,70.66666666666667,135.66666666666666,1325.0,458.6666666666667,111361.87666666668,10.333333333333334,0.54,0.6666666666666667,0.3333333333333333,2.333333333333333,5.0,5.333333333333334,5.0,1.6666666666666663,3.0,366.0,309.3333333333333,14.0,14.0,7.333333333333334,4.333333333333333,16.393333333333334
México,6.01,48,89,87,26,42,450,5,Segunda fase,35.6,213.0,35.4,0.6000000000000001,0.0,11.6,9.6,0.8,1.0,0.2,0.0,12.0,9.8,1.6,0.8,406.8,108.2,168.8,129.8,215.2,191.6,8.0,101.0,166.79999999999998,1270.8,438.0,112768.888,14.0,1.62,2.0,1.4,4.2,6.4,8.8,5.2,2.6,3.8,435.0,380.4,18.2,17.8,5.4,5.6,14.772
Ghana,5.76,34,78,84,21,43,360,4,Segunda fase,39.0,290.0,45.75,0.75,0.0,14.0,11.75,1.5,2.0,0.0,0.0,21.5,19.25,4.0,0.5,193.0,69.25,60.50000000000001,63.24999999999999,99.25,93.75,6.499999999999999,58.75,123.5,1122.25,418.00000000000006,109201.64750000002,5.75,0.585,0.5,0.5,0.75,2.5,3.0,2.75,0.75,2.0,349.25,293.0,12.0,15.25,7.75,5.75,22.4325
Turquía,6.1,58,73,87,14,60,270,3,Primera fase,40.33333333333333,163.33333333333334,41.0,1.6666666666666663,0.0,10.333333333333334,12.666666666666668,0.6666666666666667,2.333333333333333,0.0,0.0,18.33333333333333,15.333333333333332,2.666666666666667,0.0,425.0,136.33333333333334,142.66666666666669,146.0,227.0,198.00000000000003,13.666666666666666,126.0,236.3333333333333,1182.6666666666667,429.6666666666666,116939.44666666668,23.33333333333333,1.8333333333333333,1.0,0.6666666666666667,4.666666666666667,11.666666666666666,12.333333333333334,11.0,2.333333333333333,7.333333333333334,614.6666666666667,536.6666666666666,28.0,25.0,12.333333333333334,10.0,9.98
Ecuador,5.72,52,90,86,25,44,360,4,Segunda fase,44.0,231.25000000000003,51.25,1.0,0.0,12.249999999999998,9.25,2.0,0.5,0.25,0.0,17.0,15.749999999999998,3.0,0.25,327.0,80.0,128.5,118.5,174.75,152.25,9.75,105.5,178.25,1149.5,448.25,106745.71,13.25,1.4699999999999998,0.5,0.5,5.0,6.499999999999999,8.75,4.5,3.0,6.25,496.25000000000006,429.25000000000006,22.0,23.250000000000004,10.5,2.5,13.4175
RD Congo,5.96,37,78,81,22,36,360,4,Segunda fase,43.0,308.5,44.75,1.25,0.0,11.0,11.0,1.5,2.25,0.0,0.0,20.75,17.5,3.75,0.0,309.25,85.5,135.5,88.25,182.5,126.75,5.5,80.75,159.0,1245.75,445.0,111863.97,10.25,0.9275,1.25,0.75,2.5,6.25,4.5,5.75,1.25,3.25,367.5,298.75,16.0,17.5,6.25,4.5,21.3
